periode_nirru;cout_unitaire_nirru_hosp;cout_unitaire_nirru_chx1j
2003-2004;2867,43;523,51
2004-2005;2980,55;520,03
2005-2006;3002,04;528,65
2006-2007;3069,58;546,62
2007-2008;3267,15;628,16
2008-2009;3320,916723;651,7408506
2009-2010;3513,585651;681,369851
2010-2011;3500,76418;850,7579315
2011-2012;3736,87988;911,4500842
2012-2013;3695,068978;881,4111162
2013-2014;3799,736264;900,9778404
2014-2015;3775,57127;932,8439199
2015-2016;3825,507903;960,3570505
2016-2017;3894,050353;972,0531759
2017-2018;4039,569403;1030,72089
2018-2019;4260,511439;1101,997485
2019-2020;4291,690881;1153,655158
2020-2021;5042,807296;1588,340343
2021-2022;5034,73588;1644,662727
2022-2023;5777,034694;1624,139697
2023-2024;7448,55;1845
